{
  "order": [
    2,
    0,
    2
  ],
  "garch_p": 1,
  "garch_q": 1,
  "garch_dist": "normal",
  "aic": 4264.327657,
  "bic": 4293.319378
}