{
  "order": [
    1,
    1,
    1
  ],
  "seasonal_order": [
    1,
    0,
    1,
    5
  ],
  "aic": 651.484238,
  "bic": 673.728685
}