{
  "order": [
    2,
    0,
    2
  ],
  "garch_p": 1,
  "garch_q": 1,
  "garch_dist": "normal",
  "aic": 1684.972086,
  "bic": 1711.693836
}