{
  "order": [
    2,
    0,
    2
  ],
  "garch_p": 1,
  "garch_q": 1,
  "garch_dist": "normal",
  "aic": 4257.110405,
  "bic": 4286.095651
}