{
  "order": [
    1,
    1,
    1
  ],
  "seasonal_order": [
    1,
    0,
    1,
    5
  ],
  "aic": 1441.609965,
  "bic": 1463.838564
}