{
  "order": [
    2,
    0,
    2
  ],
  "garch_p": 1,
  "garch_q": 1,
  "garch_dist": "normal",
  "aic": 4266.462023,
  "bic": 4295.453745
}