{
  "order": [
    1,
    1,
    1
  ],
  "seasonal_order": [
    1,
    0,
    1,
    5
  ],
  "aic": 11174.607548,
  "bic": 11198.745694
}