{
  "order": [
    1,
    1,
    1
  ],
  "seasonal_order": [
    1,
    0,
    1,
    5
  ],
  "aic": 1463.134645,
  "bic": 1485.379092
}