{
  "config": {
    "db": "/Users/maeva/Developer/DeepEdgeBenchmark/validation/tracking.db",
    "asset_scales_from_db": {
      "BTC-USD": 1305.7533422459894,
      "ETH-USD": 52.88778539647393,
      "SPY": 4.651738783892463,
      "TLT": 0.30830700562732055,
      "ZN=F": 0.24271616541353383
    },
    "n_weekly_rows": 5415,
    "block_length": 3,
    "holm_across": [
      "ARIMA-GARCH",
      "SARIMA",
      "Prophet",
      "LSTM",
      "Naive",
      "TSDiff"
    ]
  },
  "crps": {
    "ARIMA-GARCH": {
      "status": "tested",
      "n": 270,
      "effective_n": 90,
      "mean_diff": 0.015065245334510733,
      "ci95_lo": -0.032938505933602695,
      "ci95_hi": 0.06765922564420367,
      "p_value_dm": 0.6371273619955162,
      "p_value_bootstrap": 0.5392,
      "significant_dm": false,
      "significant_bootstrap": false,
      "p_holm": 1.0
    },
    "SARIMA": {
      "status": "tested",
      "n": 270,
      "effective_n": 90,
      "mean_diff": -0.030213016780814447,
      "ci95_lo": -0.05201547427423089,
      "ci95_hi": -0.01033598500362934,
      "p_value_dm": 0.022038324203991468,
      "p_value_bootstrap": 0.0036,
      "significant_dm": true,
      "significant_bootstrap": true,
      "p_holm": 0.018
    },
    "Prophet": {
      "status": "tested",
      "n": 270,
      "effective_n": 90,
      "mean_diff": -0.007631730569346444,
      "ci95_lo": -0.21267515346595683,
      "ci95_hi": 0.23242200848705694,
      "p_value_dm": 0.9646084614584433,
      "p_value_bootstrap": 1.0,
      "significant_dm": false,
      "significant_bootstrap": false,
      "p_holm": 1.0
    },
    "LSTM": {
      "status": "tested",
      "n": 270,
      "effective_n": 90,
      "mean_diff": -0.7316777155462094,
      "ci95_lo": -1.2205843146362987,
      "ci95_hi": -0.2677739324640093,
      "p_value_dm": 0.02196031732523115,
      "p_value_bootstrap": 0.0024,
      "significant_dm": true,
      "significant_bootstrap": true,
      "p_holm": 0.0144
    },
    "Naive": {
      "status": "tested",
      "n": 270,
      "effective_n": 90,
      "mean_diff": 0.005060542367101303,
      "ci95_lo": -0.003768172618824233,
      "ci95_hi": 0.013932812170022318,
      "p_value_dm": 0.3974024458793506,
      "p_value_bootstrap": 0.272,
      "significant_dm": false,
      "significant_bootstrap": false,
      "p_holm": 0.8160000000000001
    },
    "TSDiff": {
      "status": "tested",
      "n": 270,
      "effective_n": 90,
      "mean_diff": 0.28791558410185353,
      "ci95_lo": -0.009614803581619289,
      "ci95_hi": 0.6286062810999524,
      "p_value_dm": 0.20510384399576778,
      "p_value_bootstrap": 0.0596,
      "significant_dm": false,
      "significant_bootstrap": false,
      "p_holm": 0.2384
    }
  },
  "coverage95": {
    "ARIMA-GARCH": {
      "status": "tested",
      "n": 270,
      "effective_n": 90,
      "mean_diff": -0.014814814814814815,
      "ci95_lo": -0.03518518518518519,
      "ci95_hi": 0.001851851851851852,
      "p_value_dm": 0.13378979027831855,
      "p_value_bootstrap": 0.1092,
      "significant_dm": false,
      "significant_bootstrap": false,
      "p_holm": 0.4368
    },
    "SARIMA": {
      "status": "tested",
      "n": 270,
      "effective_n": 90,
      "mean_diff": -0.005555555555555556,
      "ci95_lo": -0.020370370370370372,
      "ci95_hi": 0.009259259259259259,
      "p_value_dm": 0.4969392451652929,
      "p_value_bootstrap": 0.554,
      "significant_dm": false,
      "significant_bootstrap": false,
      "p_holm": 1.0
    },
    "Prophet": {
      "status": "tested",
      "n": 270,
      "effective_n": 90,
      "mean_diff": 0.11481481481481481,
      "ci95_lo": 0.07962962962962963,
      "ci95_hi": 0.15555555555555556,
      "p_value_dm": 1.1588619917146618e-05,
      "p_value_bootstrap": 0.0,
      "significant_dm": true,
      "significant_bootstrap": true,
      "p_holm": 0.0
    },
    "LSTM": {
      "status": "tested",
      "n": 270,
      "effective_n": 90,
      "mean_diff": -0.011111111111111112,
      "ci95_lo": -0.06481481481481481,
      "ci95_hi": 0.040740740740740744,
      "p_value_dm": 0.7377585518006247,
      "p_value_bootstrap": 0.7128,
      "significant_dm": false,
      "significant_bootstrap": false,
      "p_holm": 1.0
    },
    "Naive": {
      "status": "tested",
      "n": 270,
      "effective_n": 90,
      "mean_diff": -0.012962962962962963,
      "ci95_lo": -0.03148148148148148,
      "ci95_hi": 0.001851851851851852,
      "p_value_dm": 0.1657674025651984,
      "p_value_bootstrap": 0.1434,
      "significant_dm": false,
      "significant_bootstrap": false,
      "p_holm": 0.4368
    },
    "TSDiff": {
      "status": "tested",
      "n": 270,
      "effective_n": 90,
      "mean_diff": 0.2111111111111111,
      "ci95_lo": 0.13518518518518519,
      "ci95_hi": 0.2851851851851852,
      "p_value_dm": 4.8336210925066624e-05,
      "p_value_bootstrap": 0.0,
      "significant_dm": true,
      "significant_bootstrap": true,
      "p_holm": 0.0
    }
  },
  "coverage_observed": {
    "ARIMA-GARCH": {
      "B_daily_to_weekly": 0.9533333333333334,
      "C_weekly_native": 0.94
    },
    "SARIMA": {
      "B_daily_to_weekly": 0.9,
      "C_weekly_native": 0.8977777777777778
    },
    "Prophet": {
      "B_daily_to_weekly": 0.6222222222222222,
      "C_weekly_native": 0.7377777777777778
    },
    "LSTM": {
      "B_daily_to_weekly": 0.9111111111111111,
      "C_weekly_native": 0.9225806451612903
    },
    "Naive": {
      "B_daily_to_weekly": 0.9133333333333333,
      "C_weekly_native": 0.9022222222222223
    },
    "TSDiff": {
      "B_daily_to_weekly": 0.5533333333333333,
      "C_weekly_native": 0.7844444444444445
    }
  }
}