{
  "order": [
    2,
    0,
    2
  ],
  "garch_p": 1,
  "garch_q": 1,
  "garch_dist": "normal",
  "aic": 4269.541516,
  "bic": 4298.533238
}